index,Crime_Location_raw
0,rupgonj
1,rupgonj
2,rupgonj
3,rupgonj
4,araihazar
5,araihazar
6,araihazar
7,araihazar
8,araihazar
9,araihazar
10,araihazar
11,araihazar
12,araihazar
13,araihazar
14,araihazar
15,purbachol
16,purbachol
17,purbachol
18,araihazar
19,araihazar
20,araihazar
21,araihazar
22,araihazar
23,araihazar
24,araihazar
25,araihazar
26,araihazar
27,araihazar
28,araihazar
29,araihazar
30,araihazar
31,araihazar
32,araihazar
33,araihazar
34,araihazar
35,araihazar
36,araihazar
37,araihazar
38,araihazar
39,araihazar
40,narayangonj sadar
41,narayangonj sadar
42,narayangonj sadar
43,narayangonj sadar
44,narayangonj sadar
45,narayangonj sadar
46,narayangonj sadar
47,narayangonj sadar
48,narayangonj sadar
49,narayangonj sadar
50,narayangonj sadar
51,narayangonj sadar
52,narayangonj sadar
53,narayangonj sadar
54,narayangonj sadar
55,narayangonj sadar
56,narayangonj sadar
57,narayangonj sadar
58,narayangonj sadar
59,narayangonj sadar
60,narayangonj sadar
61,narayangonj sadar
62,narayangonj sadar
63,narayangonj sadar
64,narayangonj sadar
65,narayangonj sadar
66,narayangonj sadar
67,narayangonj sadar
68,narayangonj sadar
69,narayangonj sadar
70,narayangonj sadar
71,narayangonj sadar
72,narayangonj sadar
73,narayangonj sadar
74,narayangonj sadar
75,narayangonj sadar
76,narayangonj sadar
77,narayangonj sadar
78,narayangonj sadar
79,narayangonj sadar
80,narayangonj sadar
81,narayangonj sadar
82,narayangonj sadar
83,narayangonj sadar
84,narayangonj sadar
85,narayangonj sadar
86,narayangonj sadar
87,narayangonj sadar
88,narayangonj sadar
89,narayangonj sadar
90,narayangonj sadar
91,narayangonj sadar
92,narayangonj sadar
93,narayangonj sadar
94,narayangonj sadar
95,narayangonj sadar
96,narayangonj sadar
97,rupgonj
98,rupgonj
99,rupgonj
100,rupgonj
101,rupgonj
102,rupgonj
103,rupgonj
104,rupgonj
105,rupgonj
106,rupgonj
107,rupgonj
108,rupgonj
109,rupgonj
110,rupgonj
111,rupgonj
112,rupgonj
113,rupgonj
114,rupgonj
115,rupgonj
116,rupgonj
117,rupgonj
118,rupgonj
119,rupgonj
120,rupgonj
121,rupgonj
122,rupgonj
123,rupgonj
124,rupgonj
125,rupgonj
126,rupgonj
127,rupgonj
128,rupgonj
129,rupgonj
130,rupgonj
131,rupgonj
132,rupgonj
133,rupgonj
134,rupgonj
135,rupgonj
136,rupgonj
137,rupgonj
138,rupgonj
139,rupgonj
140,rupgonj
141,rupgonj
142,rupgonj
143,rupgonj
144,rupgonj
145,rupgonj
146,rupgonj
147,rupgonj
148,rupgonj
149,rupgonj
150,rupgonj
151,rupgonj
152,rupgonj
153,rupgonj
154,rupgonj
155,rupgonj
156,rupgonj
157,rupgonj
158,rupgonj
159,rupgonj
160,rupgonj
161,rupgonj
162,fatullah
163,fatullah
164,fatullah
165,fatullah
166,fatullah
167,fatullah
168,fatullah
169,fatullah
170,fatullah
171,fatullah
172,fatullah
173,fatullah
174,fatullah
175,fatullah
176,fatullah
177,fatullah
178,fatullah
179,fatullah
180,fatullah
181,fatullah
182,fatullah
183,fatullah
184,fatullah
185,fatullah
186,fatullah
187,fatullah
188,fatullah
189,sonargaon 
190,sonargaon 
191,sonargaon 
192,sonargaon 
193,sonargaon 
194,sonargaon 
195,sonargaon 
196,sonargaon 
197,sonargaon 
198,sonargaon 
199,sonargaon 
200,sonargaon 
201,sonargaon 
202,sonargaon 
203,sonargaon 
204,sonargaon 
205,sonargaon 
206,sonargaon 
207,sonargaon 
208,sonargaon 
209,sonargaon 
210,sonargaon 
211,sonargaon 
212,sonargaon 
213,sonargaon 
214,sonargaon 
215,sonargaon 
216,sonargaon 
217,sonargaon 
218,sonargaon 
219,sonargaon 
220,sonargaon 
221,sonargaon 
222,sonargaon 
223,sonargaon 
224,sonargaon 
225,sonargaon 
226,sonargaon 
227,sonargaon 
228,sonargaon 
229,sonargaon 
230,sonargaon 
231,sonargaon 
232,sonargaon 
233,sonargaon 
234,sonargaon 
235,sonargaon 
236,sonargaon 
237,sonargaon 
238,sonargaon 
239,sonargaon 
240,sonargaon 
241,sonargaon 
242,sonargaon 
243,sonargaon 
244,sonargaon 
245,sonargaon 
246,sonargaon 
247,sonargaon 
248,sonargaon 
249,sonargaon 
250,sonargaon 
251,sonargaon 
252,sonargaon 
253,sonargaon 
254,sonargaon 
255,sonargaon 
256,sonargaon 
257,sonargaon 
258,sonargaon 
259,sonargaon 
260,sonargaon 
261,sonargaon 
262,sonargaon 
263,sonargaon 
264,sonargaon 
265,sonargaon 
266,sonargaon 
267,sonargaon 
268,sonargaon 
269,sonargaon 
270,sonargaon 
271,sonargaon 
272,sonargaon 
273,sonargaon 
274,sonargaon 
275,sonargaon 
276,sonargaon 
277,sonargaon 
278,sonargaon 
279,sonargaon 
280,sonargaon 
281,sonargaon 
282,sonargaon 
283,sonargaon 
284,sonargaon 
285,sonargaon 
286,sonargaon 
287,sonargaon 
288,sonargaon 
289,sonargaon 
290,sonargaon 
291,sonargaon 
292,sonargaon 
293,sonargaon 
294,sonargaon 
295,sonargaon 
296,sonargaon 
297,sonargaon 
298,sonargaon 
299,sonargaon 
300,sonargaon 
301,sonargaon 
302,sonargaon 
303,sonargaon 
304,sonargaon 
305,sonargaon 
306,sonargaon 
307,sonargaon 
308,sonargaon 
309,sonargaon 
310,sonargaon 
311,sonargaon 
312,sonargaon 
313,sonargaon 
314,sonargaon 
315,sonargaon 
316,sonargaon 
317,sonargaon 
318,sonargaon 
319,sonargaon 
320,sonargaon 
321,sonargaon 
322,sonargaon 
323,sonargaon 
324,sonargaon 
325,sonargaon 
326,sonargaon 
327,sonargaon 
328,sonargaon 
329,sonargaon 
330,sonargaon 
331,sonargaon 
332,sonargaon 
333,sonargaon 
334,sonargaon 
335,sonargaon 
336,sonargaon 
337,sonargaon 
338,sonargaon 
339,sonargaon 
340,sonargaon 
341,sonargaon 
342,sonargaon 
343,sonargaon 
344,sonargaon 
345,sonargaon 
346,sonargaon 
347,sonargaon 
348,sonargaon 
349,sonargaon 
350,sonargaon 
351,sonargaon 
352,sonargaon 
353,sonargaon 
354,sonargaon 
355,sonargaon 
356,sonargaon 
357,sonargaon 
358,sonargaon 
359,sonargaon 
360,sonargaon 
361,sonargaon 
362,sonargaon 
363,sonargaon 
364,sonargaon 
365,sonargaon 
366,sonargaon 
367,sonargaon 
368,sonargaon 
369,sonargaon 
370,sonargaon 
371,sonargaon 
372,sonargaon 
373,sonargaon 
374,sonargaon 
375,sonargaon 
376,sonargaon 
377,sonargaon 
378,sonargaon 
379,sonargaon 
380,sonargaon 
381,sonargaon 
382,sonargaon 
383,sonargaon 
384,sonargaon 
385,sonargaon 
386,sonargaon 
387,sonargaon 
388,sonargaon 
389,sonargaon 
390,sonargaon 
391,sonargaon 
392,sonargaon 
393,sonargaon 
394,sonargaon 
395,sonargaon 
396,sonargaon 
397,sonargaon 
398,sonargaon 
399,sonargaon 
400,sonargaon 
401,sonargaon 
402,sonargaon 
403,sonargaon 
404,sonargaon 
405,sonargaon 
406,sonargaon 
407,sonargaon 
408,sonargaon 
409,sonargaon 
410,sonargaon 
411,sonargaon 
412,sonargaon 
413,sonargaon 
414,sonargaon 
415,sonargaon 
416,sonargaon 
417,sonargaon 
418,sonargaon 
419,sonargaon 
420,sonargaon 
421,sonargaon 
422,sonargaon 
423,sonargaon 
424,sonargaon 
425,sonargaon 
426,sonargaon 
427,sonargaon 
428,sonargaon 
429,sonargaon 
430,sonargaon 
431,sonargaon 
432,sonargaon 
433,sonargaon 
434,sonargaon 
435,sonargaon 
436,sonargaon 
437,sonargaon 
438,sonargaon 
439,sonargaon 
440,sonargaon 
441,sonargaon 
442,sonargaon 
443,sonargaon 
444,sonargaon 
445,sonargaon 
446,sonargaon 
447,sonargaon 
448,sonargaon 
449,sonargaon 
450,sonargaon 
451,sonargaon 
452,sonargaon 
453,sonargaon 
454,sonargaon 
455,sonargaon 
456,sonargaon 
457,sonargaon 
458,sonargaon 
459,sonargaon 
460,sonargaon 
461,sonargaon 
462,sonargaon 
463,sonargaon 
464,sonargaon 
465,sonargaon 
466,sonargaon 
467,sonargaon 
468,sonargaon 
469,sonargaon 
470,sonargaon 
471,sonargaon 
472,sonargaon 
473,sonargaon 
474,sonargaon 
475,sonargaon 
476,sonargaon 
477,sonargaon 
478,sonargaon 
479,sonargaon 
480,sonargaon 
481,sonargaon 
482,sonargaon 
483,sonargaon 
484,sonargaon 
485,sonargaon 
486,sonargaon 
487,sonargaon 
488,sonargaon 
489,sonargaon 
490,sonargaon 
491,sonargaon 
492,sonargaon 
493,sonargaon 
494,sonargaon 
495,sonargaon 
496,sonargaon 
497,sonargaon 
498,sonargaon 
499,sonargaon 
500,sonargaon 
501,sonargaon 
502,sonargaon 
503,sonargaon 
504,sonargaon 
505,sonargaon 
506,sonargaon 
507,sonargaon 
508,sonargaon 
509,sonargaon 
510,sonargaon 
511,sonargaon 
512,sonargaon 
513,sonargaon 
514,sonargaon 
515,sonargaon 
516,sonargaon 
517,sonargaon 
518,sonargaon 
519,sonargaon 
520,sonargaon 
521,sonargaon 
522,sonargaon 
523,sonargaon 
524,sonargaon 
525,sonargaon 
526,sonargaon 
527,sonargaon 
528,sonargaon 
529,sonargaon 
530,sonargaon 
531,sonargaon 
532,sonargaon 
533,sonargaon 
534,sonargaon 
535,sonargaon 
536,sonargaon 
537,sonargaon 
538,sonargaon 
539,sonargaon 
540,sonargaon 
541,sonargaon 
542,sonargaon 
543,sonargaon 
544,sonargaon 
545,sonargaon 
546,sonargaon 
547,sonargaon 
548,sonargaon 
549,sonargaon 
550,sonargaon 
551,sonargaon 
552,sonargaon 
553,sonargaon 
554,sonargaon 
555,sonargaon 
556,sonargaon 
557,sonargaon 
558,sonargaon 
559,sonargaon 
560,sonargaon 
561,sonargaon 
562,sonargaon 
563,sonargaon 
564,sonargaon 
565,sonargaon 
566,sonargaon 
567,sonargaon 
568,sonargaon 
569,sonargaon 
570,sonargaon 
571,sonargaon 
572,sonargaon 
573,sonargaon 
574,sonargaon 
575,sonargaon 
576,sonargaon 
577,sonargaon 
578,sonargaon 
579,sonargaon 
580,sonargaon 
581,sonargaon 
582,sonargaon 
583,sonargaon 
584,sonargaon 
585,sonargaon 
586,sonargaon 
587,sonargaon 
588,sonargaon 
589,sonargaon 
590,sonargaon 
591,sonargaon 
592,sonargaon 
593,sonargaon 
594,sonargaon 
595,sonargaon 
596,sonargaon 
597,sonargaon 
598,sonargaon 
599,sonargaon 
600,sonargaon 
601,sonargaon 
602,sonargaon 
603,sonargaon 
604,sonargaon 
605,sonargaon 
606,sonargaon 
607,sonargaon 
608,sonargaon 
609,sonargaon 
610,sonargaon 
611,sonargaon 
612,sonargaon 
613,sonargaon 
614,sonargaon 
615,sonargaon 
616,sonargaon 
617,sonargaon 
618,sonargaon 
619,sonargaon 
620,sonargaon 
621,sonargaon 
622,sonargaon 
623,sonargaon 
624,sonargaon 
625,sonargaon 
626,sonargaon 
627,sonargaon 
628,sonargaon 
629,sonargaon 
630,sonargaon 
631,sonargaon 
632,sonargaon 
633,sonargaon 
634,sonargaon 
635,sonargaon 
636,sonargaon 
637,sonargaon 
638,sonargaon 
639,sonargaon 
640,sonargaon 
641,sonargaon 
642,sonargaon 
643,sonargaon 
644,sonargaon 
645,sonargaon 
646,sonargaon 
647,sonargaon 
648,sonargaon 
649,sonargaon 
650,sonargaon 
651,sonargaon 
652,sonargaon 
653,sonargaon 
654,sonargaon 
655,sonargaon 
656,sonargaon 
657,sonargaon 
658,sonargaon 
659,sonargaon 
660,sonargaon 
661,sonargaon 
662,sonargaon 
663,sonargaon 
664,sonargaon 
665,sonargaon 
666,sonargaon 
667,sonargaon 
668,sonargaon 
669,sonargaon 
670,sonargaon 
671,sonargaon 
672,sonargaon 
673,sonargaon 
674,sonargaon 
675,sonargaon 
676,sonargaon 
677,sonargaon 
678,sonargaon 
679,sonargaon 
680,sonargaon 
681,sonargaon 
682,sonargaon 
683,sonargaon 
684,sonargaon 
685,sonargaon 
686,sonargaon 
687,sonargaon 
688,sonargaon 
689,sonargaon 
690,sonargaon 
691,sonargaon 
692,sonargaon 
693,sonargaon 
694,sonargaon 
695,sonargaon 
696,sonargaon 
697,sonargaon 
698,sonargaon 
699,sonargaon 
700,sonargaon 
701,sonargaon 
702,sonargaon 
703,sonargaon 
704,sonargaon 
705,sonargaon 
706,sonargaon 
707,sonargaon 
708,sonargaon 
709,sonargaon 
710,sonargaon 
711,sonargaon 
712,sonargaon 
713,sonargaon 
714,sonargaon 
715,sonargaon 
716,sonargaon 
717,sonargaon 
718,sonargaon 
719,sonargaon 
720,sonargaon 
721,sonargaon 
722,sonargaon 
723,sonargaon 
724,sonargaon 
725,sonargaon 
726,sonargaon 
727,sonargaon 
728,sonargaon 
729,sonargaon 
730,sonargaon 
731,sonargaon 
732,sonargaon 
733,sonargaon 
734,sonargaon 
735,sonargaon 
736,sonargaon 
737,sonargaon 
738,sonargaon 
739,sonargaon 
740,sonargaon 
741,sonargaon 
742,sonargaon 
743,sonargaon 
744,sonargaon 
745,sonargaon 
746,sonargaon 
747,sonargaon 
748,sonargaon 
749,sonargaon 
750,sonargaon 
751,sonargaon 
752,sonargaon 
753,sonargaon 
754,sonargaon 
755,sonargaon 
756,sonargaon 
757,sonargaon 
758,sonargaon 
759,sonargaon 
760,sonargaon 
761,sonargaon 
762,sonargaon 
763,sonargaon 
764,sonargaon 
765,sonargaon 
766,sonargaon 
767,sonargaon 
768,sonargaon 
769,sonargaon 
770,sonargaon 
771,sonargaon 
772,sonargaon 
773,sonargaon 
774,sonargaon 
775,sonargaon 
776,sonargaon 
777,sonargaon 
778,sonargaon 
779,sonargaon 
780,sonargaon 
781,sonargaon 
782,sonargaon 
783,sonargaon 
784,sonargaon 
785,sonargaon 
786,sonargaon 
787,sonargaon 
788,sonargaon 
789,sonargaon 
790,sonargaon 
791,sonargaon 
792,sonargaon 
793,sonargaon 
794,sonargaon 
795,sonargaon 
796,sonargaon 
797,sonargaon 
798,sonargaon 
799,sonargaon 
800,sonargaon 
801,sonargaon 
802,sonargaon 
803,sonargaon 
804,sonargaon 
805,sonargaon 
806,sonargaon 
807,sonargaon 
808,sonargaon 
809,sonargaon 
810,sonargaon 
811,sonargaon 
812,sonargaon 
813,morgapara
814,morgapara
815,morgapara
816,morgapara
817,morgapara
818,morgapara
819,morgapara
820,morgapara
821,morgapara
822,morgapara
823,morgapara
824,morgapara
825,morgapara
826,morgapara
827,morgapara
828,morgapara
829,morgapara
830,morgapara
831,morgapara
832,morgapara
833,morgapara
834,morgapara
835,morgapara
836,morgapara
837,morgapara
838,morgapara
839,morgapara
840,morgapara
841,morgapara
842,morgapara
843,morgapara
844,morgapara
845,morgapara
846,morgapara
847,morgapara
848,morgapara
849,morgapara
850,morgapara
851,morgapara
852,morgapara
853,morgapara
854,morgapara
855,highway police
856,narayangonj sadar
857,narayangonj sadar
858,narayangonj sadar
859,narayangonj sadar
860,narayangonj sadar
861,narayangonj sadar
862,narayangonj sadar
863,narayangonj sadar
864,narayangonj sadar
865,narayangonj sadar
866,narayangonj sadar
867,narayangonj sadar
868,narayangonj sadar
869,narayangonj sadar
870,narayangonj sadar
871,narayangonj sadar
872,narayangonj sadar
873,narayangonj sadar
874,narayangonj sadar
875,narayangonj sadar
876,narayangonj sadar
877,narayangonj sadar
878,narayangonj sadar
879,narayangonj sadar
880,narayangonj sadar
881,narayangonj sadar
882,narayangonj sadar
883,narayangonj sadar
884,narayangonj sadar
885,narayangonj sadar
886,narayangonj sadar
887,narayangonj sadar
888,narayangonj sadar
889,narayangonj sadar
890,narayangonj sadar
891,narayangonj sadar
892,narayangonj sadar
893,narayangonj sadar
894,narayangonj sadar
895,narayangonj sadar
896,narayangonj sadar
897,narayangonj sadar
898,narayangonj sadar
899,narayangonj sadar
900,narayangonj sadar
901,narayangonj sadar
902,narayangonj sadar
903,narayangonj sadar
904,narayangonj sadar
905,narayangonj sadar
906,narayangonj sadar
907,narayangonj sadar
908,narayangonj sadar
909,narayangonj sadar
910,narayangonj sadar
911,narayangonj sadar
912,narayangonj sadar
913,narayangonj sadar
914,narayangonj sadar
915,narayangonj sadar
916,narayangonj sadar
917,narayangonj sadar
918,narayangonj sadar
919,narayangonj sadar
920,narayangonj sadar
921,narayangonj sadar
922,narayangonj sadar
923,narayangonj sadar
924,narayangonj sadar
925,narayangonj sadar
926,narayangonj sadar
927,narayangonj sadar
928,narayangonj sadar
929,narayangonj sadar
930,narayangonj sadar
931,narayangonj sadar
932,narayangonj sadar
933,narayangonj sadar
934,narayangonj sadar
935,narayangonj sadar
936,matuail
937,matuail
938,matuail
939,matuail
940,matuail
941,matuail
942,matuail
943,matuail
944,matuail
945,matuail
946,matuail
947,matuail
948,matuail
949,matuail
950,matuail
951,matuail
952,matuail
953,matuail
954,matuail
955,matuail
956,matuail
957,matuail
958,matuail
959,matuail
960,matuail
961,matuail
962,matuail
963,matuail
964,matuail
965,matuail
966,matuail
967,matuail
968,matuail
969,matuail
970,matuail
971,matuail
972,matuail
973,matuail
974,matuail
975,matuail
976,matuail
977,matuail
978,matuail
979,matuail
980,matuail
981,matuail
982,matuail
983,matuail
984,matuail
985,matuail
986,matuail
987,matuail
988,matuail
989,matuail
990,matuail
991,matuail
992,matuail
993,matuail
994,matuail
995,matuail
996,matuail
997,matuail
998,matuail
999,matuail
1000,matuail
1001,matuail
1002,matuail
1003,matuail
1004,matuail
1005,matuail
1006,matuail
1007,matuail
1008,matuail
1009,matuail
1010,matuail
1011,matuail
1012,matuail
1013,matuail
1014,matuail
1015,matuail
1016,matuail
1017,matuail
1018,matuail
1019,matuail
1020,matuail
1021,matuail
1022,matuail
1023,matuail
1024,matuail
1025,matuail
1026,matuail
1027,matuail
1028,matuail
1029,matuail
1030,matuail
1031,matuail
1032,matuail
1033,matuail
1034,matuail
1035,matuail
1036,matuail
1037,matuail
1038,matuail
1039,matuail
1040,matuail
1041,matuail
1042,matuail
1043,matuail
1044,matuail
1045,matuail
1046,matuail
1047,matuail
1048,matuail
1049,matuail
1050,matuail
1051,matuail
1052,matuail
1053,matuail
1054,matuail
1055,matuail
1056,matuail
1057,matuail
1058,matuail
1059,matuail
1060,matuail
1061,matuail
1062,matuail
1063,matuail
1064,matuail
1065,matuail
1066,matuail
1067,matuail
1068,matuail
1069,matuail
1070,matuail
1071,matuail
1072,matuail
1073,matuail
1074,matuail
1075,matuail
1076,matuail
1077,matuail
1078,matuail
1079,matuail
1080,matuail
1081,matuail
1082,matuail
1083,matuail
1084,matuail
1085,matuail
1086,matuail
1087,matuail
1088,matuail
1089,matuail
1090,matuail
1091,matuail
1092,matuail
1093,matuail
1094,matuail
1095,matuail
1096,matuail
1097,matuail
1098,matuail
1099,matuail
1100,matuail
1101,matuail
1102,matuail
1103,matuail
1104,matuail
1105,matuail
1106,matuail
1107,matuail
1108,matuail
1109,matuail
1110,matuail
1111,matuail
1112,matuail
1113,matuail
1114,matuail
1115,matuail
1116,matuail
1117,matuail
1118,matuail
1119,matuail
1120,matuail
1121,matuail
1122,matuail
1123,matuail
1124,matuail
1125,matuail
1126,matuail
1127,matuail
1128,matuail
1129,matuail
1130,matuail
1131,matuail
1132,matuail
1133,matuail
1134,matuail
1135,matuail
1136,matuail
1137,matuail
1138,matuail
1139,matuail
1140,matuail
1141,matuail
1142,matuail
1143,matuail
1144,matuail
1145,matuail
1146,matuail
1147,matuail
1148,matuail
1149,matuail
1150,matuail
1151,matuail
1152,matuail
1153,matuail
1154,matuail
1155,matuail
1156,matuail
1157,matuail
1158,matuail
1159,matuail
1160,matuail
1161,matuail
1162,matuail
1163,matuail
1164,matuail
1165,matuail
1166,matuail
1167,matuail
1168,matuail
1169,matuail
1170,matuail
1171,matuail
1172,matuail
1173,matuail
1174,matuail
1175,matuail
1176,matuail
1177,matuail
1178,matuail
1179,matuail
1180,matuail
1181,matuail
1182,matuail
1183,matuail
1184,matuail
1185,matuail
1186,matuail
1187,matuail
1188,matuail
1189,matuail
1190,matuail
1191,matuail
1192,matuail
1193,matuail
1194,matuail
1195,matuail
1196,matuail
1197,matuail
1198,matuail
1199,matuail
1200,matuail
1201,matuail
1202,matuail
1203,matuail
1204,matuail
1205,matuail
1206,matuail
1207,matuail
1208,matuail
1209,matuail
1210,matuail
1211,matuail
1212,matuail
1213,matuail
1214,matuail
1215,matuail
1216,matuail
1217,matuail
1218,matuail
1219,matuail
1220,matuail
1221,matuail
1222,matuail
1223,matuail
1224,matuail
1225,matuail
1226,matuail
1227,matuail
1228,matuail
1229,matuail
1230,matuail
1231,matuail
1232,matuail
1233,matuail
1234,matuail
1235,matuail
1236,matuail
1237,matuail
1238,matuail
1239,matuail
1240,matuail
1241,matuail
1242,matuail
1243,matuail
1244,matuail
1245,matuail
1246,matuail
1247,matuail
1248,matuail
1249,matuail
1250,matuail
1251,matuail
1252,matuail
1253,matuail
1254,matuail
1255,matuail
1256,matuail
1257,matuail
1258,matuail
1259,matuail
1260,matuail
1261,matuail
1262,matuail
1263,matuail
1264,matuail
1265,matuail
1266,matuail
1267,matuail
1268,matuail
1269,matuail
1270,matuail
1271,matuail
1272,matuail
1273,matuail
1274,matuail
1275,matuail
1276,matuail
1277,matuail
1278,matuail
1279,matuail
1280,matuail
1281,matuail
1282,matuail
1283,matuail
1284,matuail
1285,matuail
1286,matuail
1287,matuail
1288,matuail
1289,matuail
1290,matuail
1291,matuail
1292,matuail
1293,matuail
1294,matuail
1295,matuail
1296,matuail
1297,matuail
1298,matuail
1299,matuail
1300,matuail
1301,matuail
1302,matuail
1303,matuail
1304,matuail
1305,matuail
1306,matuail
1307,matuail
1308,matuail
1309,matuail
1310,matuail
1311,matuail
1312,matuail
1313,matuail
1314,matuail
1315,matuail
1316,matuail
1317,matuail
1318,matuail
1319,matuail
1320,matuail
1321,matuail
1322,matuail
1323,matuail
1324,matuail
1325,matuail
1326,matuail
1327,matuail
1328,matuail
1329,matuail
1330,matuail
1331,matuail
1332,matuail
1333,matuail
1334,matuail
1335,matuail
1336,matuail
1337,matuail
1338,matuail
1339,matuail
1340,matuail
1341,matuail
1342,matuail
1343,matuail
1344,matuail
1345,matuail
1346,matuail
1347,matuail
1348,matuail
1349,matuail
1350,matuail
1351,matuail
1352,matuail
1353,matuail
1354,matuail
1355,matuail
1356,matuail
1357,matuail
1358,matuail
1359,matuail
1360,matuail
1361,matuail
1362,matuail
1363,matuail
1364,matuail
1365,matuail
1366,matuail
1367,matuail
1368,matuail
1369,matuail
1370,matuail
1371,matuail
1372,matuail
1373,matuail
1374,matuail
1375,matuail
1376,matuail
1377,matuail
1378,matuail
1379,matuail
1380,matuail
1381,matuail
1382,matuail
1383,matuail
1384,matuail
1385,matuail
1386,matuail
1387,matuail
1388,matuail
1389,matuail
1390,matuail
1391,matuail
1392,matuail
1393,matuail
1394,matuail
1395,matuail
1396,matuail
1397,matuail
1398,matuail
1399,matuail
1400,matuail
1401,matuail
1402,matuail
1403,matuail
1404,matuail
1405,matuail
1406,matuail
1407,matuail
1408,matuail
1409,matuail
1410,matuail
1411,matuail
1412,matuail
1413,matuail
1414,matuail
1415,matuail
1416,matuail
1417,matuail
1418,matuail
1419,matuail
1420,matuail
1421,matuail
1422,matuail
1423,matuail
1424,matuail
1425,matuail
1426,matuail
1427,matuail
1428,matuail
1429,matuail
1430,matuail
1431,matuail
1432,matuail
1433,matuail
1434,matuail
1435,matuail
1436,matuail
1437,matuail
1438,matuail
1439,matuail
1440,matuail
1441,matuail
1442,matuail
1443,matuail
1444,matuail
1445,matuail
1446,matuail
1447,matuail
1448,matuail
1449,matuail
1450,matuail
1451,matuail
1452,matuail
1453,matuail
1454,matuail
1455,matuail
1456,matuail
1457,matuail
1458,matuail
1459,matuail
1460,matuail
1461,matuail
1462,matuail
1463,matuail
1464,matuail
1465,matuail
1466,matuail
1467,matuail
1468,matuail
1469,matuail
1470,matuail
1471,matuail
1472,matuail
1473,matuail
1474,matuail
1475,matuail
1476,matuail
1477,matuail
1478,matuail
1479,matuail
1480,matuail
1481,matuail
1482,matuail
1483,matuail
1484,matuail
1485,matuail
1486,matuail
1487,matuail
1488,matuail
1489,matuail
1490,matuail
1491,matuail
1492,matuail
1493,matuail
1494,matuail
1495,matuail
1496,matuail
1497,matuail
1498,matuail
1499,matuail
1500,matuail
1501,matuail
1502,matuail
1503,matuail
1504,matuail
1505,matuail
1506,matuail
1507,matuail
1508,matuail
1509,matuail
1510,matuail
1511,matuail
1512,matuail
1513,matuail
1514,matuail
1515,matuail
1516,matuail
1517,matuail
1518,matuail
1519,matuail
1520,matuail
1521,matuail
1522,matuail
1523,matuail
1524,matuail
1525,matuail
1526,matuail
1527,matuail
1528,matuail
1529,matuail
1530,matuail
1531,matuail
1532,matuail
1533,matuail
1534,matuail
1535,matuail
1536,matuail
1537,matuail
1538,matuail
1539,matuail
1540,matuail
1541,matuail
1542,matuail
1543,matuail
1544,matuail
1545,matuail
1546,matuail
1547,matuail
1548,matuail
1549,matuail
1550,matuail
1551,matuail
1552,matuail
1553,matuail
1554,matuail
1555,matuail
1556,matuail
1557,matuail
1558,matuail
1559,matuail
1560,matuail
1561,matuail
1562,matuail
1563,matuail
1564,matuail
1565,matuail
1566,matuail
1567,matuail
1568,matuail
1569,matuail
1570,matuail
1571,matuail
1572,matuail
1573,matuail
1574,matuail
1575,matuail
1576,matuail
1577,matuail
1578,matuail
1579,matuail
1580,matuail
1581,matuail
1582,matuail
1583,matuail
1584,matuail
1585,matuail
1586,matuail
1587,matuail
1588,matuail
1589,matuail
1590,matuail
1591,matuail
1592,matuail
1593,matuail
1594,matuail
1595,matuail
1596,matuail
1597,matuail
1598,matuail
1599,matuail
1600,matuail
1601,matuail
1602,matuail
1603,matuail
1604,matuail
1605,matuail
1606,matuail
1607,matuail
1608,matuail
1609,matuail
1610,matuail
1611,matuail
1612,matuail
1613,matuail
1614,matuail
1615,matuail
1616,matuail
1617,matuail
1618,matuail
1619,matuail
1620,matuail
1621,matuail
1622,matuail
1623,matuail
1624,matuail
1625,matuail
1626,matuail
1627,matuail
1628,matuail
1629,matuail
1630,matuail
1631,matuail
1632,matuail
1633,matuail
1634,matuail
1635,matuail
1636,matuail
1637,matuail
1638,matuail
1639,matuail
1640,matuail
1641,matuail
1642,matuail
1643,matuail
1644,matuail
1645,matuail
1646,matuail
1647,matuail
1648,matuail
1649,matuail
1650,matuail
1651,matuail
1652,matuail
1653,matuail
1654,matuail
1655,matuail
1656,matuail
1657,matuail
1658,matuail
1659,matuail
1660,matuail
1661,matuail
1662,matuail
1663,matuail
1664,matuail
1665,matuail
1666,matuail
1667,matuail
1668,matuail
1669,matuail
1670,matuail
1671,matuail
1672,matuail
1673,matuail
1674,matuail
1675,matuail
1676,matuail
1677,matuail
1678,matuail
1679,matuail
1680,matuail
1681,matuail
1682,matuail
1683,matuail
1684,matuail
1685,matuail
1686,matuail
1687,matuail
1688,matuail
1689,matuail
1690,matuail
1691,matuail
1692,matuail
1693,matuail
1694,matuail
1695,matuail
1696,matuail
1697,matuail
1698,matuail
1699,matuail
1700,matuail
1701,matuail
1702,matuail
1703,matuail
1704,matuail
1705,matuail
1706,matuail
1707,matuail
1708,matuail
1709,matuail
1710,matuail
1711,matuail
1712,matuail
1713,matuail
1714,matuail
1715,matuail
1716,matuail
1717,matuail
1718,matuail
1719,matuail
1720,matuail
1721,matuail
1722,matuail
1723,matuail
1724,matuail
1725,matuail
1726,matuail
1727,matuail
1728,matuail
1729,matuail
1730,matuail
1731,matuail
1732,matuail
1733,matuail
1734,matuail
1735,matuail
1736,matuail
1737,matuail
1738,matuail
1739,matuail
1740,matuail
1741,matuail
1742,matuail
1743,matuail
1744,matuail
1745,matuail
1746,matuail
1747,matuail
1748,matuail
1749,matuail
1750,matuail
1751,matuail
1752,matuail
1753,matuail
1754,matuail
1755,matuail
1756,matuail
1757,matuail
1758,matuail
1759,matuail
1760,matuail
1761,matuail
1762,matuail
1763,matuail
1764,matuail
1765,matuail
1766,matuail
1767,matuail
1768,matuail
1769,matuail
1770,matuail
1771,matuail
1772,matuail
1773,matuail
1774,matuail
1775,matuail
1776,matuail
1777,matuail
1778,matuail
1779,matuail
1780,matuail
1781,matuail
1782,matuail
1783,matuail
1784,matuail
1785,matuail
1786,matuail
1787,matuail
1788,matuail
1789,matuail
1790,matuail
1791,matuail
1792,matuail
1793,matuail
1794,matuail
1795,matuail
1796,matuail
1797,matuail
1798,matuail
1799,matuail
1800,matuail
1801,matuail
1802,matuail
1803,matuail
1804,matuail
1805,matuail
1806,matuail
1807,matuail
1808,matuail
1809,matuail
1810,matuail
1811,matuail
1812,matuail
1813,matuail
1814,matuail
1815,matuail
1816,matuail
1817,matuail
1818,matuail
1819,matuail
1820,matuail
1821,matuail
1822,matuail
1823,matuail
1824,matuail
1825,matuail
1826,matuail
1827,matuail
1828,matuail
1829,matuail
1830,matuail
1831,matuail
1832,matuail
1833,matuail
1834,matuail
1835,matuail
1836,matuail
1837,matuail
1838,matuail
1839,matuail
1840,matuail
1841,matuail
1842,matuail
1843,matuail
1844,matuail
1845,matuail
1846,matuail
1847,matuail
1848,matuail
1849,matuail
1850,matuail
1851,matuail
1852,matuail
1853,matuail
1854,matuail
1855,matuail
1856,matuail
1857,matuail
1858,matuail
1859,matuail
1860,matuail
1861,matuail
1862,matuail
1863,matuail
1864,matuail
1865,matuail
1866,matuail
1867,matuail
1868,matuail
1869,matuail
1870,matuail
1871,matuail
1872,matuail
1873,matuail
1874,matuail
1875,matuail
1876,matuail
1877,matuail
1878,matuail
1879,matuail
1880,matuail
1881,matuail
1882,matuail
1883,matuail
1884,matuail
1885,matuail
1886,matuail
1887,matuail
1888,matuail
1889,matuail
1890,matuail
1891,matuail
1892,matuail
1893,matuail
1894,matuail
1895,matuail
1896,matuail
1897,matuail
1898,matuail
1899,matuail
1900,matuail
1901,matuail
1902,matuail
1903,matuail
1904,matuail
1905,matuail
1906,matuail
1907,matuail
1908,matuail
1909,matuail
1910,matuail
1911,matuail
1912,matuail
1913,matuail
1914,matuail
1915,matuail
1916,matuail
1917,matuail
1918,matuail
1919,matuail
1920,matuail
1921,matuail
1922,matuail
1923,matuail
1924,matuail
1925,matuail
1926,matuail
1927,matuail
1928,matuail
1929,matuail
1930,matuail
1931,matuail
1932,matuail
1933,matuail
1934,matuail
1935,matuail
1936,matuail
1937,matuail
1938,matuail
1939,matuail
1940,matuail
1941,matuail
1942,matuail
1943,matuail
1944,matuail
1945,matuail
1946,matuail
1947,matuail
1948,matuail
1949,matuail
1950,matuail
1951,matuail
1952,matuail
1953,matuail
1954,matuail
1955,matuail
1956,matuail
1957,matuail
1958,matuail
1959,matuail
1960,matuail
1961,matuail
1962,matuail
1963,matuail
1964,matuail
1965,matuail
1966,matuail
1967,matuail
1968,matuail
1969,matuail
1970,matuail
1971,matuail
1972,matuail
1973,matuail
1974,matuail
1975,matuail
1976,matuail
1977,matuail
1978,matuail
1979,matuail
1980,matuail
1981,matuail
1982,matuail
1983,matuail
1984,matuail
1985,matuail
1986,matuail
1987,matuail
1988,matuail
1989,matuail
1990,matuail
1991,matuail
1992,matuail
1993,matuail
1994,matuail
1995,matuail
1996,matuail
1997,matuail
1998,matuail
1999,matuail
2000,matuail
2001,matuail
2002,matuail
2003,matuail
2004,matuail
2005,matuail
2006,matuail
2007,matuail
2008,matuail
2009,matuail
2010,matuail
2011,matuail
2012,matuail
2013,matuail
2014,matuail
2015,matuail
2016,matuail
2017,matuail
2018,matuail
2019,matuail
2020,matuail
2021,matuail
2022,matuail
2023,matuail
2024,matuail
2025,matuail
2026,matuail
2027,matuail
2028,matuail
2029,matuail
2030,matuail
2031,matuail
2032,matuail
2033,matuail
2034,matuail
2035,matuail
2036,matuail
2037,matuail
2038,matuail
2039,matuail
2040,matuail
2041,matuail
2042,matuail
2043,matuail
2044,matuail
2045,matuail
2046,matuail
2047,matuail
2048,matuail
2049,matuail
2050,matuail
2051,matuail
2052,matuail
2053,matuail
2054,matuail
2055,matuail
2056,matuail
2057,matuail
2058,matuail
2059,matuail
2060,matuail
2061,matuail
2062,matuail
2063,matuail
2064,matuail
2065,matuail
2066,matuail
2067,matuail
2068,matuail
2069,matuail
2070,matuail
2071,matuail
2072,matuail
2073,matuail
2074,matuail
2075,matuail
2076,matuail
2077,matuail
2078,matuail
2079,matuail
2080,matuail
